in:NumberOfDiagonals,in:TrussHeight,out:DefMax,out:Util_1,out:Util_2,out:Util_3,out:Util_4,out:Util_5,out:Util_6,out:Util_7,out:Util_8,out:Util_9,out:Util_10,out:sig-max_1,out:sig-max_2,out:sig-max_3,out:sig-max_4,out:sig-max_5,out:sig-max_6,out:sig-max_7,out:sig-max_8,out:sig-max_9,out:sig-max_10,out:Mass,img
4,1,4.905065,0.196509,0.673809,0.196509,0.626888,0.626888,1.039193,1.039193,0.247305,0.263246,0.263246,7.585738,24.513672,7.585738,14.34848,14.34848,7.874467,7.874467,-4.923797,9.543243,9.543243,2192.326681,https://emilengdahl-au.github.io/GenerativDesignColibri/data/NumberOfDiagonals0_TrussHeight0_Front.png
6,1,4.307788,0.137927,0.545825,0.545825,0.137927,0.359209,0.359209,0.538385,0.834605,0.538385,0.227112,5.368644,19.741229,19.741229,5.368644,4.671037,4.671037,0.591908,-5.347829,0.591908,-5.984026,2221.449945,https://emilengdahl-au.github.io/GenerativDesignColibri/data/NumberOfDiagonals2_TrussHeight0_Front.png
8,1,3.883376,0.109045,0.452529,0.582981,0.452529,0.109045,0.268709,0.268709,0.366355,0.695479,0.695479,4.260076,16.314594,21.05145,16.314594,4.260076,1.352989,1.352989,-1.144956,-7.073114,-7.073114,2260.407636,https://emilengdahl-au.github.io/GenerativDesignColibri/data/NumberOfDiagonals4_TrussHeight0_Front.png
10,1,3.847581,0.095077,0.384324,0.558172,0.558172,0.384324,0.095077,0.227212,0.227212,0.280528,0.59406,3.723132,13.838189,20.111353,20.111353,13.838189,3.723132,-0.175246,-0.175246,-1.603152,-7.091605,2307.818827,https://emilengdahl-au.github.io/GenerativDesignColibri/data/NumberOfDiagonals6_TrussHeight0_Front.png
12,1,3.795714,0.08833,0.335708,0.518221,0.581948,0.518221,0.335708,0.08833,0.205813,0.205813,0.230698,3.464319,12.193906,18.679386,20.978617,18.679386,12.193906,3.464319,-0.969574,-0.969574,-1.637731,2362.327696,https://emilengdahl-au.github.io/GenerativDesignColibri/data/NumberOfDiagonals8_TrussHeight0_Front.png
14,1,3.809494,0.085636,0.299016,0.480329,0.573532,0.573532,0.480329,0.299016,0.085636,0.201965,0.201965,3.36229,10.92575,17.486544,20.659412,20.659412,17.486544,10.92575,3.36229,-1.28185,-1.28185,2422.708803,https://emilengdahl-au.github.io/GenerativDesignColibri/data/NumberOfDiagonals10_TrussHeight0_Front.png
16,1,3.833553,0.08532,0.270548,0.446072,0.554218,0.589711,0.554218,0.446072,0.270548,0.08532,0.202395,3.352374,9.915146,16.344964,19.953559,21.245616,19.953559,16.344964,9.915146,3.352374,-1.267975,2487.911307,https://emilengdahl-au.github.io/GenerativDesignColibri/data/NumberOfDiagonals12_TrussHeight0_Front.png
18,1,3.871751,0.086461,0.247905,0.416158,0.531778,0.588814,0.588814,0.531778,0.416158,0.247905,0.086461,3.398963,9.097249,15.319611,19.219637,21.203813,21.203813,19.219637,15.319611,9.097249,3.398963,2557.063028,https://emilengdahl-au.github.io/GenerativDesignColibri/data/NumberOfDiagonals14_TrussHeight0_Front.png
20,1,3.91534,0.088522,0.229515,0.390231,0.509096,0.579255,0.602822,0.579255,0.509096,0.390231,0.229515,3.481199,8.426828,14.413937,18.470632,20.853466,21.711851,20.853466,18.470632,14.413937,8.426828,2629.45378,https://emilengdahl-au.github.io/GenerativDesignColibri/data/NumberOfDiagonals16_TrussHeight0_Front.png
4,1.1,4.290399,0.179211,0.615479,0.179211,0.613834,0.613834,0.980215,0.980215,0.233626,0.250563,0.250563,6.928118,22.413778,6.928118,13.783487,13.783487,8.15727,8.15727,-4.489044,9.087097,9.087097,2206.527748,https://emilengdahl-au.github.io/GenerativDesignColibri/data/NumberOfDiagonals0_TrussHeight1_Front.png
6,1.1,3.673639,0.12609,0.494982,0.494982,0.12609,0.352312,0.352312,0.505559,0.759882,0.505559,0.21344,4.914821,17.920262,17.920262,4.914821,4.324796,4.324796,0.922255,-5.088391,0.922255,-5.554875,2241.392549,https://emilengdahl-au.github.io/GenerativDesignColibri/data/NumberOfDiagonals2_TrussHeight1_Front.png
8,1.1,3.291485,0.101076,0.410812,0.527058,0.410812,0.101076,0.264282,0.264282,0.342935,0.631299,0.631299,3.954813,14.823134,19.038225,14.823134,3.954813,1.091456,1.091456,-0.853837,-6.732672,-6.732672,2287.661793,https://emilengdahl-au.github.io/GenerativDesignColibri/data/NumberOfDiagonals4_TrussHeight1_Front.png
10,1.1,3.26855,0.089942,0.349386,0.505399,0.505399,0.349386,0.089942,0.22485,0.22485,0.262902,0.540112,3.527666,12.590772,18.214213,18.214213,12.590772,3.527666,-0.365881,-0.365881,-1.326496,-6.774724,2343.49262,https://emilengdahl-au.github.io/GenerativDesignColibri/data/NumberOfDiagonals6_TrussHeight1_Front.png
12,1.1,3.225398,0.085364,0.305368,0.4697,0.527904,0.4697,0.305368,0.085364,0.205042,0.205042,0.217042,3.353292,10.996552,16.911576,19.033044,16.911576,10.996552,3.353292,-1.105473,-1.105473,-1.36801,2407.149192,https://emilengdahl-au.github.io/GenerativDesignColibri/data/NumberOfDiagonals8_TrussHeight1_Front.png
14,1.1,3.246172,0.084403,0.272417,0.435908,0.521004,0.521004,0.435908,0.272417,0.084403,0.20414,0.20414,3.318983,9.812267,15.819987,18.77001,18.77001,15.819987,9.812267,3.318983,-1.329641,-1.329641,2477.125688,https://emilengdahl-au.github.io/GenerativDesignColibri/data/NumberOfDiagonals10_TrussHeight1_Front.png
16,1.1,3.271848,0.08552,0.247136,0.405523,0.504316,0.536514,0.504316,0.405523,0.247136,0.08552,0.205853,3.365246,8.921836,14.81643,18.159526,19.330556,18.159526,14.81643,8.921836,3.365246,-1.270514,2552.179133,https://emilengdahl-au.github.io/GenerativDesignColibri/data/NumberOfDiagonals12_TrussHeight1_Front.png
18,1.1,3.312906,0.087881,0.22707,0.379006,0.484525,0.536597,0.536597,0.484525,0.379006,0.22707,0.087881,3.459731,8.202361,13.914083,17.47258,19.324937,19.324937,17.47258,13.914083,8.202361,3.459731,2631.312382,https://emilengdahl-au.github.io/GenerativDesignColibri/data/NumberOfDiagonals14_TrussHeight1_Front.png
20,1.1,3.356481,0.091003,0.210798,0.356037,0.464666,0.528771,0.550276,0.528771,0.464666,0.356037,0.210798,3.583739,7.614168,13.116378,16.821562,19.03757,19.820202,19.03757,16.821562,13.116378,7.614168,2713.73718,https://emilengdahl-au.github.io/GenerativDesignColibri/data/NumberOfDiagonals16_TrussHeight1_Front.png
4,1.2,3.811516,0.165655,0.566942,0.165655,0.602358,0.602358,0.929402,0.929402,0.221935,0.239148,0.239148,6.413058,20.66646,6.413058,13.29102,13.29102,8.395951,8.395951,-4.112639,8.676667,8.676667,2221.163531,https://emilengdahl-au.github.io/GenerativDesignColibri/data/NumberOfDiagonals0_TrussHeight2_Front.png
6,1.2,3.180633,0.116921,0.452948,0.452948,0.116921,0.346395,0.346395,0.477492,0.69849,0.477492,0.202778,4.563439,16.414389,16.414389,4.563439,4.029144,4.029144,1.206436,-4.794803,1.206436,-5.189299,2262.184111,https://emilengdahl-au.github.io/GenerativDesignColibri/data/NumberOfDiagonals2_TrussHeight2_Front.png
8,1.2,2.835103,0.094983,0.376408,0.480912,0.376408,0.094983,0.260605,0.260605,0.323023,0.579676,0.579676,3.721605,13.592741,17.376961,13.592741,3.721605,0.870747,0.870747,-0.601196,-6.379281,-6.379281,2316.179111,https://emilengdahl-au.github.io/GenerativDesignColibri/data/NumberOfDiagonals4_TrussHeight2_Front.png
10,1.2,2.820412,0.086155,0.320636,0.461902,0.461902,0.320636,0.086155,0.223037,0.223037,0.248015,0.495842,3.383855,11.564049,16.650356,16.650356,11.564049,3.383855,-0.524502,-0.524502,-1.084461,-6.449688,2380.780003,https://emilengdahl-au.github.io/GenerativDesignColibri/data/NumberOfDiagonals6_TrussHeight2_Front.png
12,1.2,2.784244,0.08337,0.280928,0.429827,0.483404,0.429827,0.280928,0.08337,0.204994,0.204994,0.205609,3.279492,10.124834,15.47907,17.431043,15.47907,10.124834,3.279492,-1.216041,-1.216041,-1.130062,2453.846316,https://emilengdahl-au.github.io/GenerativDesignColibri/data/NumberOfDiagonals8_TrussHeight2_Front.png
14,1.2,2.810556,0.083869,0.251278,0.399354,0.477767,0.477767,0.399354,0.251278,0.083869,0.206596,0.206596,3.302374,9.053638,14.453051,17.214786,17.214786,14.453051,9.053638,3.302374,-1.358054,-1.358054,2533.593549,https://emilengdahl-au.github.io/GenerativDesignColibri/data/NumberOfDiagonals10_TrussHeight2_Front.png
16,1.2,2.837558,0.086214,0.228531,0.372168,0.463258,0.492733,0.463258,0.372168,0.228531,0.086214,0.20946,3.396874,8.233332,13.563598,16.683341,17.754415,16.683341,13.563598,8.233332,3.396874,-1.259612,2618.60053,https://emilengdahl-au.github.io/GenerativDesignColibri/data/NumberOfDiagonals12_TrussHeight2_Front.png
18,1.2,2.880856,0.089635,0.210577,0.348455,0.445699,0.493632,0.493632,0.445699,0.348455,0.210577,0.089635,3.533092,7.586579,12.762704,16.045551,17.778892,17.778892,16.045551,12.762704,7.586579,3.533092,2707.762069,https://emilengdahl-au.github.io/GenerativDesignColibri/data/NumberOfDiagonals14_TrussHeight2_Front.png
20,1.2,2.924441,0.093693,0.196059,0.327928,0.428137,0.487238,0.507042,0.487238,0.428137,0.327928,0.196059,3.693976,7.063814,12.053914,15.467744,17.54354,18.263769,17.54354,15.467744,12.053914,7.063814,2800.227272,https://emilengdahl-au.github.io/GenerativDesignColibri/data/NumberOfDiagonals16_TrussHeight2_Front.png
4,1.3,3.439915,0.154955,0.526061,0.154955,0.592183,0.592183,0.885249,0.885249,0.214058,0.23084,0.23084,6.007037,19.194729,6.007037,12.857076,12.857076,8.597144,8.597144,-3.784453,8.310247,8.310247,2236.224397,https://emilengdahl-au.github.io/GenerativDesignColibri/data/NumberOfDiagonals0_TrussHeight3_Front.png
6,1.3,2.790513,0.109754,0.417732,0.417732,0.109754,0.341276,0.341276,0.453267,0.647291,0.453267,0.193789,4.288986,15.152205,15.152205,4.288986,3.773323,3.773323,1.452054,-4.490782,1.452054,-4.875641,2283.786864,https://emilengdahl-au.github.io/GenerativDesignColibri/data/NumberOfDiagonals2_TrussHeight3_Front.png
8,1.3,2.475078,0.090292,0.347646,0.442291,0.347646,0.090292,0.257542,0.257542,0.305938,0.536662,0.536662,3.542267,12.563873,15.9866,12.563873,3.542267,0.682031,0.682031,-0.380389,-6.030399,-6.030399,2345.872774,https://emilengdahl-au.github.io/GenerativDesignColibri/data/NumberOfDiagonals4_TrussHeight3_Front.png
10,1.3,2.467273,0.083368,0.296654,0.425539,0.425539,0.296654,0.083368,0.221676,0.221676,0.235332,0.45818,3.278479,10.707449,15.342803,15.342803,10.707449,3.278479,-0.658226,-0.658226,-0.870914,-6.130969,2419.53264,https://emilengdahl-au.github.io/GenerativDesignColibri/data/NumberOfDiagonals6_TrussHeight3_Front.png
12,1.3,2.436816,0.082095,0.260593,0.396506,0.446237,0.396506,0.260593,0.082095,0.206472,0.206472,0.195963,3.233242,9.399529,14.281743,16.093047,14.281743,9.399529,3.233242,-1.30705,-1.30705,-0.918141,2502.207895,https://emilengdahl-au.github.io/GenerativDesignColibri/data/NumberOfDiagonals8_TrussHeight3_Front.png
14,1.3,2.467618,0.083849,0.233762,0.368836,0.441667,0.441667,0.368836,0.233762,0.083849,0.209271,0.209271,3.305353,8.429753,13.315354,15.916221,15.916221,13.315354,8.429753,3.305353,-1.372319,-1.372319,2591.845249,https://emilengdahl-au.github.io/GenerativDesignColibri/data/NumberOfDiagonals10_TrussHeight3_Front.png
16,1.3,2.49577,0.087266,0.213251,0.344331,0.42899,0.456179,0.42899,0.344331,0.213251,0.087266,0.213183,3.442055,7.689801,12.521573,15.451199,16.438488,15.451199,12.521573,7.689801,3.442055,-1.239202,2686.863179,https://emilengdahl-au.github.io/GenerativDesignColibri/data/NumberOfDiagonals12_TrussHeight3_Front.png
18,1.3,2.54091,0.091625,0.1971,0.322968,0.413431,0.457768,0.457768,0.413431,0.322968,0.1971,0.091625,3.615293,7.10783,11.805587,14.885698,16.488353,16.488353,14.885698,11.805587,7.10783,3.615293,2786.066057,https://emilengdahl-au.github.io/GenerativDesignColibri/data/NumberOfDiagonals14_TrussHeight3_Front.png
20,1.3,2.584588,0.096521,0.18415,0.304488,0.397672,0.452575,0.470956,0.452575,0.397672,0.304488,0.18415,3.809284,6.638003,11.171132,14.34006,16.296612,16.964675,16.296612,14.34006,11.171132,6.638003,2888.554714,https://emilengdahl-au.github.io/GenerativDesignColibri/data/NumberOfDiagonals16_TrussHeight3_Front.png
4,1.4,3.171264,0.146447,0.491248,0.146447,0.583078,0.583078,0.846559,0.846559,0.205414,0.221788,0.221788,5.68477,17.941461,5.68477,12.470498,12.470498,8.76631,8.76631,-3.496318,7.984375,7.984375,2251.700271,https://emilengdahl-au.github.io/GenerativDesignColibri/data/NumberOfDiagonals0_TrussHeight4_Front.png
6,1.4,2.476998,0.104101,0.388129,0.388129,0.104101,0.336806,0.336806,0.43217,0.604031,0.43217,0.186179,4.072803,14.0816,14.0816,4.072803,3.549099,3.549099,1.66525,-4.189465,1.66525,-4.604612,2306.162832,https://emilengdahl-au.github.io/GenerativDesignColibri/data/NumberOfDiagonals2_TrussHeight4_Front.png
8,1.4,2.186602,0.086658,0.323311,0.409563,0.323311,0.086658,0.254985,0.254985,0.291151,0.50035,0.50035,3.403627,11.693203,14.808392,11.693203,3.403627,0.518592,0.518592,-0.186144,-5.694907,-5.694907,2376.659143,https://emilengdahl-au.github.io/GenerativDesignColibri/data/NumberOfDiagonals4_TrussHeight4_Front.png
10,1.4,2.184629,0.081333,0.276408,0.394757,0.394757,0.276408,0.081333,0.22069,0.22069,0.224438,0.426822,3.20204,9.984245,14.235818,14.235818,9.984245,3.20204,-0.772406,-0.772406,-0.68101,-5.825749,2459.613418,https://emilengdahl-au.github.io/GenerativDesignColibri/data/NumberOfDiagonals6_TrussHeight4_Front.png
12,1.4,2.159206,0.081359,0.243474,0.368308,0.414806,0.368308,0.243474,0.081359,0.208228,0.208228,0.187766,3.207629,8.78894,13.26835,14.961509,13.26835,8.78894,3.207629,-1.382802,-1.382802,-0.727736,2552.045856,https://emilengdahl-au.github.io/GenerativDesignColibri/data/NumberOfDiagonals8_TrussHeight4_Front.png
14,1.4,2.19347,0.084209,0.219061,0.343035,0.411146,0.411146,0.343035,0.219061,0.084209,0.212116,0.212116,3.322867,7.906239,12.356262,14.818289,14.818289,12.356262,7.906239,3.322867,-1.376218,-1.376218,2651.650379,https://emilengdahl-au.github.io/GenerativDesignColibri/data/NumberOfDiagonals10_TrussHeight4_Front.png
16,1.4,2.222678,0.088578,0.200605,0.320805,0.400027,0.425275,0.400027,0.320805,0.200605,0.088578,0.216994,3.497114,7.235365,11.643714,14.409789,15.325931,14.409789,11.643714,7.235365,3.497114,-1.212082,2756.704886,https://emilengdahl-au.github.io/GenerativDesignColibri/data/NumberOfDiagonals12_TrussHeight4_Front.png
18,1.4,2.269409,0.093782,0.186156,0.301437,0.386167,0.427454,0.427454,0.386167,0.301437,0.186156,0.093782,3.703711,6.709118,10.99972,13.905661,15.397496,15.397496,13.905661,10.99972,6.709118,3.703711,2865.94033,https://emilengdahl-au.github.io/GenerativDesignColibri/data/NumberOfDiagonals14_TrussHeight4_Front.png
20,1.4,2.313298,0.099439,0.174492,0.284695,0.371951,0.423282,0.440457,0.423282,0.371951,0.284695,0.174492,3.927857,6.284809,10.428249,13.390327,15.242822,15.866712,15.242822,13.390327,10.428249,6.284809,2978.421985,https://emilengdahl-au.github.io/GenerativDesignColibri/data/NumberOfDiagonals16_TrussHeight4_Front.png
4,1.5,2.953103,0.139632,0.461309,0.139632,0.57486,0.57486,0.812382,0.812382,0.197932,0.213751,0.213751,5.427248,16.863666,5.427248,12.122511,12.122511,8.907998,8.907998,-3.241646,7.695041,7.695041,2267.580713,https://emilengdahl-au.github.io/GenerativDesignColibri/data/NumberOfDiagonals0_TrussHeight5_Front.png
6,1.5,2.221609,0.099605,0.362749,0.362749,0.099605,0.332873,0.332873,0.413642,0.567055,0.413642,0.179717,3.901184,13.163864,13.163864,3.901184,3.350181,3.350181,1.851024,-3.897962,1.851024,-4.368816,2329.274215,https://emilengdahl-au.github.io/GenerativDesignColibri/data/NumberOfDiagonals2_TrussHeight5_Front.png
8,1.5,1.952296,0.083832,0.302502,0.381522,0.302502,0.083832,0.252845,0.252845,0.278247,0.469344,0.469344,3.296081,10.948619,13.798936,10.948619,3.296081,0.375323,0.375323,-0.014225,-5.376967,-5.376967,2408.458464,https://emilengdahl-au.github.io/GenerativDesignColibri/data/NumberOfDiagonals4_TrussHeight5_Front.png
10,1.5,1.955334,0.079872,0.259136,0.368412,0.368412,0.259136,0.079872,0.220015,0.220015,0.215009,0.400406,3.147647,9.367264,13.288266,13.288266,9.367264,3.147647,-0.871081,-0.871081,-0.510885,-5.537239,2500.896714,https://emilengdahl-au.github.io/GenerativDesignColibri/data/NumberOfDiagonals6_TrussHeight5_Front.png
12,1.5,1.935858,0.08103,0.228929,0.344179,0.38793,0.344179,0.228929,0.08103,0.210202,0.210202,0.180753,3.19766,8.269648,12.401097,13.993997,12.401097,8.269648,3.19766,-1.446523,-1.446523,-0.555272,2603.193796,https://emilengdahl-au.github.io/GenerativDesignColibri/data/NumberOfDiagonals8_TrussHeight5_Front.png
14,1.5,1.971411,0.084855,0.206826,0.321065,0.385054,0.385054,0.321065,0.206826,0.084855,0.215093,0.215093,3.351285,7.462585,11.55938,13.879706,13.879706,11.55938,7.462585,3.351285,-1.372494,-1.372494,2712.810962,https://emilengdahl-au.github.io/GenerativDesignColibri/data/NumberOfDiagonals10_TrussHeight5_Front.png
16,1.5,2.001637,0.090083,0.190091,0.300701,0.375278,0.398857,0.375278,0.300701,0.190091,0.090083,0.220873,3.559428,6.851819,10.895813,13.51985,14.374877,13.51985,10.895813,6.851819,3.559428,-1.180252,2827.905733,https://emilengdahl-au.github.io/GenerativDesignColibri/data/NumberOfDiagonals12_TrussHeight5_Front.png
18,1.5,2.049809,0.096055,0.176989,0.283046,0.362877,0.401547,0.401547,0.362877,0.283046,0.176989,0.096055,3.796486,6.374101,10.313579,13.068437,14.46522,14.46522,13.068437,10.313579,6.374101,3.796486,2947.151325,https://emilengdahl-au.github.io/GenerativDesignColibri/data/NumberOfDiagonals14_TrussHeight5_Front.png
20,1.5,2.094044,0.102414,0.166572,0.267798,0.350094,0.398255,0.414396,0.398255,0.350094,0.267798,0.166572,4.048438,6.025324,9.796118,12.604756,14.342447,14.928506,14.342447,12.604756,9.796118,6.025324,3069.588345,https://emilengdahl-au.github.io/GenerativDesignColibri/data/NumberOfDiagonals16_TrussHeight5_Front.png
4,1.6,2.773985,0.134136,0.435333,0.134136,0.567381,0.567381,0.799833,0.799833,0.189224,0.204681,0.204681,5.220147,15.928533,5.220147,11.806233,11.806233,9.598688,9.598688,-3.015108,7.438252,7.438252,2283.854987,https://emilengdahl-au.github.io/GenerativDesignColibri/data/NumberOfDiagonals0_TrussHeight6_Front.png
6,1.6,2.011072,0.096003,0.340788,0.340788,0.096003,0.329385,0.329385,0.397242,0.535126,0.397242,0.174215,3.763989,12.369762,12.369762,3.763989,3.171745,3.171745,2.013476,-3.619898,2.013476,-4.162345,2353.083726,https://emilengdahl-au.github.io/GenerativDesignColibri/data/NumberOfDiagonals2_TrussHeight6_Front.png
8,1.6,1.759714,0.081628,0.284541,0.357263,0.284541,0.081628,0.251054,0.251054,0.266903,0.442599,0.442599,3.212556,10.30591,12.925602,10.30591,3.212556,0.24832,0.24832,0.138797,-5.078132,-5.078132,2441.195331,https://emilengdahl-au.github.io/GenerativDesignColibri/data/NumberOfDiagonals4_TrussHeight6_Front.png
10,1.6,1.767124,0.078852,0.244348,0.345643,0.345643,0.244348,0.078852,0.219601,0.219601,0.206791,0.377633,3.110247,8.83605,12.469242,12.469242,8.83605,3.110247,-0.957317,-0.957317,-0.357432,-5.266479,2543.268229,https://emilengdahl-au.github.io/GenerativDesignColibri/data/NumberOfDiagonals6_TrussHeight6_Front.png
12,1.6,1.752711,0.081015,0.216671,0.323331,0.364727,0.323331,0.216671,0.081015,0.212346,0.212346,0.174719,3.199687,7.824043,11.651611,13.158659,11.651611,7.824043,3.199687,-1.50065,-1.50065,-0.397897,2655.505145,https://emilengdahl-au.github.io/GenerativDesignColibri/data/NumberOfDiagonals8_TrussHeight6_Front.png
14,1.6,1.7895,0.085718,0.196417,0.302119,0.362532,0.362532,0.302119,0.196417,0.085718,0.218173,0.218173,3.387962,7.083386,10.878491,13.069501,13.069501,10.878491,7.083386,3.387962,-1.363149,-1.363149,2775.157193,https://emilengdahl-au.github.io/GenerativDesignColibri/data/NumberOfDiagonals10_TrussHeight6_Front.png
16,1.6,1.820747,0.091729,0.181152,0.283352,0.353923,0.376053,0.353923,0.283352,0.181152,0.091729,0.224801,3.627098,6.525497,10.252319,12.751938,13.55393,12.751938,10.252319,6.525497,3.627098,-1.145152,2900.281113,https://emilengdahl-au.github.io/GenerativDesignColibri/data/NumberOfDiagonals12_TrussHeight6_Front.png
18,1.6,1.870277,0.098411,0.169408,0.267184,0.342789,0.379191,0.379191,0.342789,0.267184,0.169408,0.098411,3.892293,6.131421,9.723621,12.346284,13.660714,13.660714,12.346284,9.723621,6.131421,3.892293,3029.506347,https://emilengdahl-au.github.io/GenerativDesignColibri/data/NumberOfDiagonals14_TrussHeight6_Front.png
20,1.6,1.915002,0.105423,0.160161,0.253234,0.33125,0.376665,0.391911,0.376665,0.33125,0.253234,0.160161,4.170151,5.865948,9.252978,11.927453,13.565713,14.119044,13.565713,11.927453,9.252978,5.865948,3161.857928,https://emilengdahl-au.github.io/GenerativDesignColibri/data/NumberOfDiagonals16_TrussHeight6_Front.png
4,1.7,2.625497,0.129674,0.412615,0.129674,0.560524,0.560524,0.795791,0.795791,0.183548,0.19833,0.19833,5.052606,15.110685,5.052606,11.516254,11.516254,10.448974,10.448974,-2.812367,7.210292,7.210292,2300.512134,https://emilengdahl-au.github.io/GenerativDesignColibri/data/NumberOfDiagonals0_TrussHeight7_Front.png
6,1.7,1.835672,0.093098,0.321625,0.321625,0.093098,0.326271,0.326271,0.382624,0.519655,0.382624,0.169523,3.653642,11.676872,11.676872,3.653642,3.010064,3.010064,2.155992,-2.970998,2.155992,-3.980445,2377.554864,https://emilengdahl-au.github.io/GenerativDesignColibri/data/NumberOfDiagonals2_TrussHeight7_Front.png
8,1.7,1.599771,0.079912,0.269001,0.336092,0.269001,0.079912,0.249558,0.249558,0.256862,0.419323,0.419323,3.147786,9.746538,12.163458,9.746538,3.147786,0.134576,0.134576,0.275727,-4.798522,-4.798522,2474.798949,https://emilengdahl-au.github.io/GenerativDesignColibri/data/NumberOfDiagonals4_TrussHeight7_Front.png
10,1.7,1.611052,0.078176,0.231642,0.325793,0.325793,0.231642,0.078176,0.219407,0.219407,0.199585,0.357827,3.086091,8.374958,11.755152,11.755152,8.374958,3.086091,-1.033464,-1.033464,-0.218132,-5.013334,2586.624503,https://emilengdahl-au.github.io/GenerativDesignColibri/data/NumberOfDiagonals6_TrussHeight7_Front.png
12,1.7,1.601022,0.081241,0.206074,0.305158,0.344519,0.305158,0.206074,0.081241,0.214627,0.214627,0.169501,3.211007,7.438675,10.998241,12.431195,10.998241,7.438675,3.211007,-1.546775,-1.546775,-0.25331,2708.851171,https://emilengdahl-au.github.io/GenerativDesignColibri/data/NumberOfDiagonals8_TrussHeight7_Front.png
14,1.7,1.63903,0.086746,0.187459,0.285612,0.342922,0.342922,0.285612,0.187459,0.086746,0.221334,0.221334,3.43095,6.75688,10.285138,12.364056,12.364056,10.285138,6.75688,3.43095,-1.349657,-1.349657,2838.54349,https://emilengdahl-au.github.io/GenerativDesignColibri/data/NumberOfDiagonals10_TrussHeight7_Front.png
16,1.7,1.671327,0.09348,0.17351,0.268251,0.335338,0.356198,0.335338,0.268251,0.17351,0.09348,0.228767,3.698734,6.247959,9.693815,12.083611,12.83916,12.083611,9.693815,6.247959,3.698734,-1.107821,2973.675747,https://emilengdahl-au.github.io/GenerativDesignColibri/data/NumberOfDiagonals12_TrussHeight7_Front.png
18,1.7,1.722181,0.100824,0.163162,0.253385,0.325315,0.359734,0.359734,0.325315,0.253385,0.163162,0.100824,3.990173,5.973145,9.211967,11.71806,12.960496,12.960496,11.71806,9.211967,5.973145,3.990173,3112.845753,https://emilengdahl-au.github.io/GenerativDesignColibri/data/NumberOfDiagonals14_TrussHeight7_Front.png
20,1.7,1.767543,0.108448,0.154772,0.240576,0.314866,0.357881,0.372345,0.357881,0.314866,0.240576,0.154772,4.292379,5.737874,8.782304,11.338554,12.889928,13.41469,12.889928,11.338554,8.782304,5.737874,3255.070416,https://emilengdahl-au.github.io/GenerativDesignColibri/data/NumberOfDiagonals16_TrussHeight7_Front.png
4,1.8,2.501355,0.126031,0.392603,0.126031,0.554196,0.554196,0.791561,0.791561,0.178591,0.192685,0.192685,4.916334,14.390248,4.916334,11.248302,11.248302,11.19731,11.19731,-2.629877,7.007815,7.007815,2317.541032,https://emilengdahl-au.github.io/GenerativDesignColibri/data/NumberOfDiagonals0_TrussHeight8_Front.png
6,1.8,1.688177,0.090742,0.304778,0.304778,0.090742,0.323475,0.323475,0.369508,0.509055,0.369508,0.16552,3.56443,11.067758,11.067758,3.56443,2.862238,2.862238,2.281382,-2.287259,2.281382,-3.819272,2402.652143,https://emilengdahl-au.github.io/GenerativDesignColibri/data/NumberOfDiagonals2_TrussHeight8_Front.png
8,1.8,1.465718,0.078579,0.255459,0.317473,0.255459,0.078579,0.248311,0.248311,0.247918,0.398905,0.398905,3.097811,9.256103,11.493172,9.256103,3.097811,0.031753,0.031753,0.398875,-4.53749,-4.53749,2509.203237,https://emilengdahl-au.github.io/GenerativDesignColibri/data/NumberOfDiagonals4_TrussHeight8_Front.png
10,1.8,1.480477,0.077771,0.220536,0.308354,0.308354,0.220536,0.077771,0.219402,0.219402,0.193229,0.340466,3.072365,7.971851,11.127715,11.127715,7.971851,3.072365,-1.101341,-1.101341,-0.090923,-4.777059,2630.872257,https://emilengdahl-au.github.io/GenerativDesignColibri/data/NumberOfDiagonals6_TrussHeight8_Front.png
12,1.8,1.474303,0.081657,0.19685,0.289195,0.326786,0.289195,0.19685,0.081657,0.217017,0.217017,0.164969,3.229598,7.103114,10.424224,11.792786,10.424224,7.103114,3.229598,-1.553339,-1.553339,-0.119641,2763.118991,https://emilengdahl-au.github.io/GenerativDesignColibri/data/NumberOfDiagonals8_TrussHeight8_Front.png
14,1.8,1.513537,0.087902,0.179703,0.271118,0.325716,0.325716,0.271118,0.179703,0.087902,0.224558,0.224558,3.478793,6.473959,9.764051,11.745094,11.745094,9.764051,6.473959,3.478793,-1.333109,-1.333109,2902.844944,https://emilengdahl-au.github.io/GenerativDesignColibri/data/NumberOfDiagonals10_TrussHeight8_Front.png
16,1.8,1.546931,0.09531,0.167246,0.255005,0.31904,0.338778,0.31904,0.255005,0.167246,0.09531,0.232759,3.773309,6.08352,9.205324,11.497503,12.212051,11.497503,9.205324,6.08352,3.773309,-1.069019,3047.958654,https://emilengdahl-au.github.io/GenerativDesignColibri/data/NumberOfDiagonals12_TrussHeight8_Front.png
18,1.8,1.599107,0.103276,0.157852,0.24129,0.309999,0.342669,0.342669,0.309999,0.24129,0.157852,0.103276,4.089428,5.843891,8.764828,11.167405,12.346399,12.346399,11.167405,8.764828,5.843891,4.089428,3197.036662,https://emilengdahl-au.github.io/GenerativDesignColibri/data/NumberOfDiagonals14_TrussHeight8_Front.png
20,1.8,1.645251,0.111479,0.151441,0.229491,0.300515,0.341416,0.355192,0.341416,0.300515,0.229491,0.151441,4.414689,5.635995,8.371353,10.822693,12.297537,12.797161,12.297537,10.822693,8.371353,5.635995,3349.093762,https://emilengdahl-au.github.io/GenerativDesignColibri/data/NumberOfDiagonals16_TrussHeight8_Front.png
4,1.9,2.396793,0.12304,0.374859,0.12304,0.548321,0.548321,0.787292,0.787292,0.174256,0.187666,0.187666,4.804948,13.751474,4.804948,10.998975,10.998975,11.861018,11.861018,-2.46472,6.827861,6.827861,2334.930465,https://emilengdahl-au.github.io/GenerativDesignColibri/data/NumberOfDiagonals0_TrussHeight9_Front.png
6,1.9,1.563114,0.088822,0.289869,0.289869,0.088822,0.32095,0.32095,0.357671,0.499176,0.357671,0.162105,3.492001,10.52868,10.52868,3.492001,2.725986,2.725986,2.391996,-1.681329,2.391996,-3.675692,2428.341261,https://emilengdahl-au.github.io/GenerativDesignColibri/data/NumberOfDiagonals2_TrussHeight9_Front.png
8,1.9,1.352457,0.077552,0.243509,0.300984,0.243509,0.077552,0.247278,0.247278,0.239908,0.380865,0.380865,3.05962,8.823271,10.899555,8.823271,3.05962,-0.061981,-0.061981,0.510154,-4.294003,-4.294003,2544.346807,https://emilengdahl-au.github.io/GenerativDesignColibri/data/NumberOfDiagonals4_TrussHeight9_Front.png
10,1.9,1.370386,0.077582,0.210767,0.292926,0.292926,0.210767,0.077582,0.219557,0.219557,0.187596,0.325141,3.066931,7.617183,10.572572,10.572572,7.617183,3.066931,-1.162371,-1.162371,0.025891,-4.556614,2675.927617,https://emilengdahl-au.github.io/GenerativDesignColibri/data/NumberOfDiagonals6_TrussHeight9_Front.png
12,1.9,1.36766,0.082223,0.188774,0.275074,0.311116,0.275074,0.188774,0.082223,0.219493,0.219493,0.161018,3.253926,6.809168,9.916401,11.228667,9.916401,6.809168,3.253926,-1.55607,-1.55607,0.004642,2818.209673,https://emilengdahl-au.github.io/GenerativDesignColibri/data/NumberOfDiagonals8_TrussHeight9_Front.png
14,1.9,1.408142,0.089157,0.172951,0.258303,0.310515,0.310515,0.258303,0.172951,0.089157,0.227832,0.227832,3.530396,6.227469,9.303253,11.198274,11.198274,9.303253,6.227469,3.530396,-1.314322,-1.314322,2967.954223,https://emilengdahl-au.github.io/GenerativDesignColibri/data/NumberOfDiagonals10_TrussHeight9_Front.png
16,1.9,1.443433,0.097198,0.161853,0.243306,0.30465,0.32339,0.30465,0.243306,0.161853,0.097198,0.23677,3.850054,5.946506,8.775128,10.979995,11.658079,10.979995,8.775128,5.946506,3.850054,-1.029299,3123.018979,https://emilengdahl-au.github.io/GenerativDesignColibri/data/NumberOfDiagonals12_TrussHeight9_Front.png
18,1.9,1.496213,0.105752,0.154355,0.230618,0.296484,0.327603,0.327603,0.296484,0.230618,0.154355,0.105752,4.189547,5.739159,8.371418,10.681492,11.804175,11.804175,10.681492,8.371418,5.739159,4.189547,3281.967921,https://emilengdahl-au.github.io/GenerativDesignColibri/data/NumberOfDiagonals14_TrussHeight9_Front.png
20,1.9,1.543283,0.114507,0.149041,0.219719,0.287861,0.326886,0.340051,0.326886,0.287861,0.219719,0.149041,4.536776,5.556268,8.010159,10.367813,11.774771,12.252116,11.774771,10.367813,8.010159,5.556268,3443.818517,https://emilengdahl-au.github.io/GenerativDesignColibri/data/NumberOfDiagonals16_TrussHeight9_Front.png
4,2,2.308147,0.120571,0.359033,0.120571,0.543282,0.543282,0.783077,0.783077,0.170462,0.183199,0.183199,4.713498,13.18175,4.713498,10.765549,10.765549,12.453793,12.453793,-2.314477,6.667838,6.667838,2352.669172,https://emilengdahl-au.github.io/GenerativDesignColibri/data/NumberOfDiagonals0_TrussHeight10_Front.png
6,2,1.456289,0.087252,0.276595,0.276595,0.087252,0.3191,0.3191,0.350625,0.489971,0.350625,0.159198,3.433009,10.048687,10.048687,3.433009,2.5995,2.5995,2.618113,-1.141011,2.618113,-3.547133,2454.589232,https://emilengdahl-au.github.io/GenerativDesignColibri/data/NumberOfDiagonals2_TrussHeight10_Front.png
8,2,1.258561,0.076771,0.2329,0.286288,0.2329,0.076771,0.246875,0.246875,0.232697,0.364824,0.364824,3.030899,8.439016,10.370522,8.439016,3.030899,-0.148077,-0.148077,0.611165,-4.066859,-4.066859,2580.172843,https://emilengdahl-au.github.io/GenerativDesignColibri/data/NumberOfDiagonals4_TrussHeight10_Front.png
10,2,1.276944,0.077566,0.202125,0.279192,0.279192,0.202125,0.077566,0.2203,0.2203,0.182581,0.311528,3.06815,7.303361,10.078312,10.078312,7.303361,3.06815,-1.217676,-1.217676,0.13372,-4.350844,2721.715316,https://emilengdahl-au.github.io/GenerativDesignColibri/data/NumberOfDiagonals6_TrussHeight10_Front.png
12,2,1.277345,0.082908,0.181667,0.262505,0.297183,0.262505,0.181667,0.082908,0.222508,0.222508,0.157564,3.282817,6.550323,9.464317,10.727105,9.464317,6.550323,3.282817,-1.55585,-1.55585,0.120803,2874.036501,https://emilengdahl-au.github.io/GenerativDesignColibri/data/NumberOfDiagonals8_TrussHeight10_Front.png
14,2,1.319111,0.090489,0.167212,0.246901,0.297003,0.297003,0.246901,0.167212,0.090489,0.231616,0.231616,3.58492,6.051267,8.89323,10.712208,10.712208,8.89323,6.051267,3.58492,-1.293907,-1.293907,3033.778907,https://emilengdahl-au.github.io/GenerativDesignColibri/data/NumberOfDiagonals10_TrussHeight10_Front.png
16,2,1.356314,0.09913,0.157199,0.232911,0.291866,0.309713,0.291866,0.232911,0.157199,0.09913,0.241268,3.928387,5.832857,8.393946,10.520269,11.165711,10.520269,8.393946,5.832857,3.928387,-0.98907,3198.762543,https://emilengdahl-au.github.io/GenerativDesignColibri/data/NumberOfDiagonals12_TrussHeight10_Front.png
18,2,1.409789,0.108243,0.151853,0.221143,0.284486,0.314219,0.314219,0.284486,0.221143,0.151853,0.108243,4.290151,5.655341,8.023196,10.250132,11.322509,11.322509,10.250132,8.023196,5.655341,4.290151,3367.546069,https://emilengdahl-au.github.io/GenerativDesignColibri/data/NumberOfDiagonals14_TrussHeight10_Front.png
20,2,1.457924,0.117527,0.147154,0.211055,0.276638,0.313987,0.326608,0.313987,0.276638,0.211055,0.147154,4.658426,5.495449,7.690827,9.964343,11.310694,11.768165,11.310694,9.964343,7.690827,5.495449,3539.153391,https://emilengdahl-au.github.io/GenerativDesignColibri/data/NumberOfDiagonals16_TrussHeight10_Front.png
